{
    "purpose": "Provide guidance on product specification attributes",
    "critical_attributes": [
        {
            "attribute": "THREAD SIZE",
            "tolerances": "IDENTICAL",
            "tolerance_variability": null,
            "item_notes": null,
            "notes": {
                "identical": "Strict matching required",
                "upgradable": null,
                "flexible": null,
                "nonCritical": null
            }
        }
    ],
    "notes": {
        "identical": "Strict matching required",
        "upgradable": "Potential upgrade conditions",
        "flexible": "Modifications allowed",
        "nonCritical": "Optional attributes"
    }
}