{
    "Drop-in Anchors": {
        "purpose": "Provide guidance on product specification attributes",
        "critical_attributes": {
            "MATERIAL": {
                "thread_size": "identical",
                "overall_length": "identical",
                "ANCHOR DIAMETER": {
                    "MATERIAL": "upgradable",
                    "thread_depth": "flexible"
                },
                "thread_depth": "flexible",
                "flange_style": "fiblex"
            },
            "thread_depth": "flexible",
            "flange_style": "fiblex",
            "drill_bit_size": "non-critical",
            "brand": "non-critical"
        },
        "notes": {
            "identical": "Strict matching required",
            "upgradable": "Potential upgrade conditions",
            "flexible": "Modifications allowed",
            "non-critical": "Optional attributes"
        }
    }
}