{
    "purpose": "Provide guidance on product specification attributes",
    "critical_attributes": [
        {
            "critical_attributes": [
                {
                    "Attributes": "THREAD SIZE",
                    "Tolerances": "\u00b1 1/2 IN",
                    "Tolerance Variability": null,
                    "Item Notes": null
                }
            ],
            "notes": {
                "identical": "Strict matching required",
                "upgradable": "Potential upgrade conditions",
                "flexible": "Modifications allowed",
                "nonCritical": "Optional attributes"
            }
        }
    ]
}