{
    "purpose": "Provide guidance on product specification attributes",
    "critical_attributes": [
        {
            "Attributes": "LENGTH",
            "Tolerances": "IDENTICAL",
            "Tolerance Variability": null,
            "Item Notes": null
        },
        {
            "Attributes": "DIAMETER",
            "Tolerances": "IDENTICAL",
            "Tolerance Variability": null,
            "Item Notes": null
        },
        {
            "Attributes": "HEAD TYPE",
            "Tolerances": "IDENTICAL",
            "Tolerance Variability": null,
            "Item Notes": null
        },
        {
            "Attributes": "MATERIAL",
            "Tolerances": "UPGRADABLE",
            "Tolerance Variability": "ZINC TO YELLOW ONLY",
            "Item Notes": null
        },
        {
            "Attributes": "FINISH",
            "Tolerances": "UPGRADABLE",
            "Tolerance Variability": null,
            "Item Notes": null
        },
        {
            "Attributes": "DRIVE TYPE",
            "Tolerances": "FLEXIBLE",
            "Tolerance Variability": null,
            "Item Notes": null
        },
        {
            "Attributes": "MIN INSTALLATION DEPTH",
            "Tolerances": "NON-CRITICAL",
            "Tolerance Variability": null,
            "Item Notes": null
        },
        {
            "Attributes": "THREAD SIZE",
            "Tolerances": "IDENTICAL",
            "Tolerance Variability": null,
            "Item Notes": null
        }
    ],
    "notes": {
        "identical": "Strict matching required",
        "upgradable": "Potential upgrade conditions",
        "flexible": "Modifications allowed",
        "nonCritical": "Optional attributes"
    }
}