{
    "Cotter Pins": {
        "Monday, October 23, 2023": {
            "1:49 PM": {
                "Purpose of the product guide is to provide direction on how to achieve the most accurate SKU and/or code based on attribute requirements within the match strategy.": {
                    "Tolerances are not relevant for Potential Solutions.": {
                        "Critical Attributes": {
                            "PIN TYPE": {
                                "PIN TYPE": "IDENTICAL"
                            },
                            "PIN DIAMETER": {
                                "PIN DIAMETER": "NEXT AVAILABLE LENGTH"
                            },
                            "FINISH": {
                                "FINISH": "FLEXIBLE"
                            },
                            "LENGTH": {
                                "LENGTH": "NEXT AVAILABLE LENGTH"
                            },
                            "GRADE/CLASS": {
                                "GRADE/CLASS": "STAINLESS: 302 ->304 ->316 ->316 ->STAINLESS (METRIC) ->A2 ->A4"
                            },
                            "Material": {
                                "Material": "IDENTICAL"
                            },
                            "Pin Diameter": {
                                "Pin Diameter": "+/- 0.05\" or 1mm"
                            },
                            "Item Notes": {
                                "Item Notes": "STANDARD = EXTENDED PRONG"
                            }
                        }
                    },
                    "Notes": {
                        "Notes": "STANDARD = EXTENDED PRONG"
                    }
                }
            }
        }
    }
}