{
    "purpose": "Provide guidance on product specification attributes",
    "critical_attributes": [
        {
            "PIN TYPE": "IDENTICAL",
            "DIAMETER LENGTH": "IDENTICAL",
            "MATERIAL": "IDENTICAL",
            "MATERIAL GRADE/CLASS": "UPGRADABLE LE"
        }
    ],
    "notes": {
        "identical": "Strict matching required",
        "upgradable": "Potential upgrade conditions",
        "flexible": "Modifications allowed",
        "nonCritical": "Optional attributes"
    }
}