{
    "purpose": "Provide guidance on product specification attributes",
    "critical_attributes": [
        {
            "Attributes": "MATERIAL GRADE/CLASS FINISH THREAD SIZE",
            "Tolerances": "IDENTICAL",
            "Tolerance Variability": null,
            "Item Notes": null,
            "Default attribute": "Default attribute",
            "CRS default standards": "GRADE 2"
        },
        {
            "Attributes": "MATERIAL GRADE/CLASS",
            "Tolerances": "IDENTICAL",
            "Tolerance Variability": null,
            "Item Notes": null,
            "Default attribute": "Default attribute",
            "CRS default standards": "GRADE 2"
        },
        {
            "Attributes": "FINISH",
            "Tolerances": "IDENTICAL",
            "Tolerance Variability": null,
            "Item Notes": null,
            "Default attribute": "Default attribute",
            "CRS default standards": "GRADE 2"
        },
        {
            "Attributes": "THREAD SIZE",
            "Tolerances": "IDENTICAL",
            "Tolerance Variability": null,
            "Item Notes": null,
            "Default attribute": "Default attribute",
            "CRS default standards": "GRADE 2"
        },
        {
            "Attributes": "OVERALL LENGTH",
            "Tolerances": "IDENTICAL",
            "Tolerance Variability": null,
            "Item Notes": null,
            "Default attribute": null,
            "CRS default standards": null
        }
    ],
    "notes": {
        "identical": "Strict matching required",
        "upgradable": "Potential upgrade conditions",
        "flexible": "Modifications allowed",
        "nonCritical": "Optional attributes"
    }
}