{
    "purpose": "Provide guidance on product specification attributes",
    "critical_attributes": [
        {
            "Attributes": "SYSTEM OF MEASUREMENT",
            "Tolerances": "IDENTICAL",
            "Tolerance Variability": null,
            "Item Notes": null
        },
        {
            "Attributes": "MATERIAL GRADE/CLASS",
            "Tolerances": "UPGRADABLE",
            "Tolerance Variability": null,
            "Item Notes": "STAINLESS STEEL IS EQUAL TO 304"
        },
        {
            "Attributes": "LENGTH",
            "Tolerances": "UPGRADABLE",
            "Tolerance Variability": null,
            "Item Notes": null
        },
        {
            "Attributes": "FINISH",
            "Tolerances": "FLEXIBLE",
            "Tolerance Variability": null,
            "Item Notes": null
        },
        {
            "Attributes": "THICKNESS TOLERANCE",
            "Tolerances": "NON-CRITICAL",
            "Tolerance Variability": null,
            "Item Notes": null
        },
        {
            "Attributes": "WIDTH TOLERANCE",
            "Tolerances": "NON-CRITICAL",
            "Tolerance Variability": null,
            "Item Notes": null
        },
        {
            "Attributes": "HEIGHT",
            "Tolerances": "IDENTICAL",
            "Tolerance Variability": null,
            "Item Notes": null
        },
        {
            "Attributes": "WIDTH",
            "Tolerances": "IDENTICAL",
            "Tolerance Variability": null,
            "Item Notes": null
        },
        {
            "Attributes": "HEIGHT",
            "Tolerances": "IDENTICAL",
            "Tolerance Variability": null,
            "Item Notes": null
        },
        {
            "Attributes": "LENGTH",
            "Tolerances": "NON-CRITICAL",
            "Tolerance Variability": null,
            "Item Notes": null
        },
        {
            "Attributes": "HEIGHT",
            "Tolerances": "IDENTICAL",
            "Tolerance Variability": null,
            "Item Notes": null
        },
        {
            "Attributes": "WIDTH",
            "Tolerances": "IDENTICAL",
            "Tolerance Variability": null,
            "Item Notes": null
        },
        {
            "Attributes": "HEIGHT",
            "Tolerances": "IDENTICAL",
            "Tolerance Variability": null,
            "Item Notes": null
        }
    ],
    "notes": {
        "identical": "Strict matching required",
        "upgradable": "Potential upgrade conditions",
        "flexible": "Modifications allowed",
        "nonCritical": "Optional attributes"
    }
}