{
    "purpose": "Provide guidance on product specification attributes",
    "critical_attributes": [
        {
            "Attributes": "THREAD SIZE",
            "Tolerances": "IDENTICAL",
            "Tolerance Variability": null,
            "Item Notes": null
        },
        {
            "Attributes": "SYSTEM OF MEASUREMENT",
            "Tolerances": "IDENTICAL",
            "Tolerance Variability": null,
            "Item Notes": null
        },
        {
            "Attributes": "LENGTH",
            "Tolerances": "IDENTICAL",
            "Tolerance Variability": null,
            "Item Notes": null
        },
        {
            "Attributes": "HEIGHT",
            "Tolerances": "IDENTICAL",
            "Tolerance Variability": null,
            "Item Notes": null
        },
        {
            "Attributes": "WIDTH",
            "Tolerances": "IDENTICAL",
            "Tolerance Variability": null,
            "Item Notes": null
        },
        {
            "Attributes": "FINISH",
            "Tolerances": "NON-CRITICAL",
            "Tolerance Variability": null,
            "Item Notes": null
        },
        {
            "Attributes": "WIDTH TOLERANCE",
            "Tolerances": "NON-CRITICAL",
            "Tolerance Variability": null,
            "Item Notes": null
        },
        {
            "Attributes": "LENGTH TOLERANCE",
            "Tolerances": "NON-CRITICAL",
            "Tolerance Variability": null,
            "Item Notes": null
        }
    ],
    "notes": {
        "identical": "Strict matching required",
        "upgradable": "Able to go up a grade in the table, never down.",
        "flexible": "Able to go up a grade in the table, never down.",
        "nonCritical": "Able to go up a grade in the table, never down."
    }
}