{
    "purpose": "Provide guidance on product specification attributes",
    "critical_attributes": [
        {
            "Attributes": "THREAD SIZE",
            "Tolerances": "IDENTICAL",
            "Tolerance Variability": null,
            "Item Notes": null
        },
        {
            "Attributes": "GRADE/GLASS",
            "Tolerances": "IDENTICAL",
            "Tolerance Variability": null,
            "Item Notes": null
        },
        {
            "Attributes": "STAINLESS STEEL: IMPERIAL",
            "Tolerances": "CLASS: 4-9-9-6-9-8-9-10-9-12",
            "Tolerance Variability": "METRIC: A-D-A4-A",
            "Item Notes": null
        },
        {
            "Attributes": "STainless Steel",
            "Tolerances": "CLASS: 4-9-9-6-9-8-9-10-9-12",
            "Tolerance Variability": null,
            "Item Notes": "STAINLESS - PLAIN STEEL PLAIN + BLACK OXIDE GRADE + PLAIN NYLON + PLAIN"
        }
    ],
    "notes": {
        "identical": "Strict matching required",
        "upgradable": "Potential upgrade conditions",
        "flexible": "Modifications allowed",
        "nonCritical": "Optional attributes"
    }
}