{
    "purpose": "Provide guidance on product specification attributes",
    "critical_attributes": [
        {
            "Attributes": "THREAD SIZE",
            "Tolerances": "IDENTICAL",
            "Tolerance Variability": null,
            "Item Notes": null
        },
        {
            "Attributes": "BUTT MATERIAL",
            "Tolerances": "IDENTICAL",
            "Tolerance Variability": null,
            "Item Notes": null
        },
        {
            "Attributes": "THRUST ROLLER BORE DIAMETER",
            "Tolerances": "UPGRADED OR DOWNGRADED",
            "Tolerance Variability": "BUTT MATERIAL",
            "Item Notes": null
        },
        {
            "Attributes": "THRUST ROLLER BORE DIAMETER",
            "Tolerances": "UPGRADED OR DOWNGRADED",
            "Tolerance Variability": "BUTT MATERIAL",
            "Item Notes": null
        },
        {
            "Attributes": "THRUST ROLLER DIA",
            "Tolerances": "UPGRADED OR DOWNGRADED",
            "Tolerance Variability": "BUTT MATERIAL",
            "Item Notes": null
        },
        {
            "Attributes": "THRUST ROLLER BORE DIAMETER",
            "Tolerances": "UPGRADED OR DOWNGRADED",
            "Tolerance Variability": "BUTT MATERIAL",
            "Item Notes": null
        }
    ],
    "notes": {
        "identical": "Strict matching required",
        "upgradable": "Potential upgrade conditions",
        "flexible": "Modifications allowed",
        "nonCritical": "Optional attributes"
    }
}