{
    "purpose": "Provide guidance on product specification attributes",
    "critical_attributes": [
        {
            "Attributes": "THREAD SIZE",
            "Tolerances": "IDENTICAL",
            "Tolerance Variability (FE Code Only)": null,
            "Item Notes": null
        },
        {
            "Attributes": "MIN PANEL THICKNESS",
            "Tolerances": "IDENTICAL",
            "Tolerance Variability (FE Code Only)": null,
            "Item Notes": null
        },
        {
            "Attributes": "MAX PANEL THICKNESS",
            "Tolerances": "IDENTICAL",
            "Tolerance Variability (FE Code Only)": null,
            "Item Notes": null
        },
        {
            "Attributes": "OVERALL WIDTH",
            "Tolerances": "IDENTICAL",
            "Tolerance Variability (FE Code Only)": null,
            "Item Notes": null
        },
        {
            "Attributes": "OVERALL LENGTH",
            "Tolerances": "IDENTICAL",
            "Tolerance Variability (FE Code Only)": null,
            "Item Notes": null
        },
        {
            "Attributes": "OVERALL SIDE EDGE",
            "Tolerances": "IDENTICAL",
            "Tolerance Variability (FE Code Only)": null,
            "Item Notes": null
        }
    ],
    "notes": {
        "identical": "Strict matching required",
        "upgradable": "Potential upgrade conditions",
        "flexible": "Modifications allowed",
        "nonCritical": "Optional attributes"
    }
}