{
    "purpose": "Provide guidance on product specification attributes",
    "critical_attributes": [
        {
            "Attributes": "THREAD SIZE",
            "Tolerances": "IDENTICAL",
            "Tolerance Variability (FE Code Only)": null,
            "Item Notes": null
        },
        {
            "Attributes": "GRADE CLASS",
            "Tolerances": "UPGRADABLE",
            "Tolerance Variability (FE Code Only)": null,
            "Item Notes": null
        },
        {
            "Attributes": "FINISH",
            "Tolerances": "UPGRADABLE",
            "Tolerance Variability (FE Code Only)": null,
            "Item Notes": null
        }
    ],
    "notes": {
        "identical": "Strict matching required",
        "upgradable": "Potential upgrade conditions",
        "flexible": "Modifications allowed",
        "nonCritical": "Optional attributes"
    }
}