{
    "purpose": "Provide guidance on product specification attributes",
    "critical_attributes": [
        {
            "Attributes": "THREAD SIZE",
            "Tolerances": "IDENTICAL",
            "Tolerance Variability": null,
            "Item Notes": null
        },
        {
            "Attributes": "OVERALL LENGTH",
            "Tolerances": "IDENTICAL",
            "Tolerance Variability": null,
            "Item Notes": null
        },
        {
            "Attributes": "MATERIAL",
            "Tolerances": "IDENTICAL",
            "Tolerance Variability": null,
            "Item Notes": null
        },
        {
            "Attributes": "FINISH",
            "Tolerances": "IDENTICAL",
            "Tolerance Variability": null,
            "Item Notes": null
        },
        {
            "Attributes": "INSIDE DIAMETER",
            "Tolerances": "NONCRITICAL",
            "Tolerance Variability": null,
            "Item Notes": null
        },
        {
            "Attributes": "THREAD TYPE",
            "Tolerances": "NONCRITICAL",
            "Tolerance Variability": null,
            "Item Notes": null
        },
        {
            "Attributes": "THREAD FIT",
            "Tolerances": "NONCRITICAL",
            "Tolerance Variability": null,
            "Item Notes": null
        },
        {
            "Attributes": "DRILL FIT",
            "Tolerances": "NONCRITICAL",
            "Tolerance Variability": null,
            "Item Notes": null
        },
        {
            "Attributes": "MAX. HOLE DIAMETER",
            "Tolerances": "NONCRITICAL",
            "Tolerance Variability": null,
            "Item Notes": null
        }
    ],
    "notes": {
        "identical": "Strict matching required",
        "upgradable": "Potential upgrade conditions",
        "flexible": "Modifications allowed",
        "nonCritical": "Optional attributes"
    }
}