{
    "purpose": "Provide guidance on product specification attributes",
    "critical_attributes": [
        {
            "Attributes": "THREAD SIZE",
            "Tolerances": "IDENTICAL",
            "Tolerance Variability": null,
            "Item Notes": null
        },
        {
            "Attributes": "FINISH",
            "Tolerances": "IDENTICAL",
            "Tolerance Variability": null,
            "Item Notes": null
        }
    ],
    "material_grade/class": {
        "Attributes": "MATERIAL GRADE/CLASS",
        "Tolerances": "UPGRADEABLE",
        "Tolerance Variability": null,
        "Item Notes": null
    },
    "notes": {
        "identical": "Strict matching required",
        "upgradable": "Potential upgrade conditions",
        "nonCritical": "Optional attributes"
    }
}