{
    "Weld Nuts": {
        "purpose": "Provide guidance on product specification attributes",
        "attributes": {
            "THREAD SIZE": {
                "Tolerances": "IDENTICAL",
                "Tolerance Variability": null,
                "Item Notes": null
            },
            "LENGTH": {
                "Tolerances": "TOLERANCE-VARIABILITY (FE CODE ONLY)",
                "Tolerance Variability": null,
                "Item Notes": null
            },
            "LENGTH TOLERANCE": {
                "Tolerances": "TOLERANCE-VARIABILITY (FE CODE ONLY)",
                "Tolerance Variability": null,
                "Item Notes": null
            },
            "THREAD TOLERANCE": {
                "Tolerances": "TOLERANCE-VARIABILITY (FE CODE ONLY)",
                "Tolerance Variability": null,
                "Item Notes": null
            },
            "HEIGHT": {
                "Tolerances": "TOLERANCE-VARIABILITY (FE CODE ONLY)",
                "Tolerance Variability": null,
                "Item Notes": null
            },
            "WIDTH": {
                "Tolerances": "TOLERANCE-VARIABILITY (FE CODE ONLY)",
                "Tolerance Variability": null,
                "Item Notes": null
            }
        },
        "notes": {
            "identical": "Strict matching required",
            "upgradable": "Potential upgrade conditions",
            "flexible": "Modifications allowed",
            "nonCritical": "Optional attributes"
        }
    }
}