{
    "purpose": "Provide guidance on product specification attributes",
    "critical_attributes": [
        {
            "Attributes": "THREAD SIZE",
            "Tolerances": "IDENTICAL",
            "Tolerance Variability": null,
            "Item Notes": null
        },
        {
            "Attributes": "GRADE/CLASS",
            "Tolerances": "UPGRADABLE",
            "Tolerance Variability": null,
            "Item Notes": null
        },
        {
            "Attributes": "OVERALL HEIGHT",
            "Tolerances": "NON CRITICAL",
            "Tolerance Variability": null,
            "Item Notes": null
        },
        {
            "Attributes": "BASE DIAMETER",
            "Tolerances": "NON CRITICAL",
            "Tolerance Variability": null,
            "Item Notes": null
        },
        {
            "Attributes": "MAXIMUM WING SPAN",
            "Tolerances": "NON CRITICAL",
            "Tolerance Variability": null,
            "Item Notes": null
        },
        {
            "Attributes": "DINGUISHING STANDARDS",
            "Tolerances": "NON CRITICAL",
            "Tolerance Variability": null,
            "Item Notes": null
        }
    ],
    "notes": {
        "identical": "Strict matching required",
        "upgradable": "Potential upgrade conditions",
        "flexible": "Modifications allowed",
        "nonCritical": "Optional attributes"
    }
}