{
    "purpose": "Provide guidance on product specification attributes",
    "Attributes": {
        "THREAD SIZE": "IDENTICAL",
        "GRADECLASS": "UPGRADABLE",
        "SQUARE HEIGHT": "NON-CRITICAL",
        "SQUARE WIDTH": "NON-CRITICAL",
        "Item Notes": null
    },
    "Tolerances": {
        "Tolerance Variability (FE Code Only)": null,
        "Item Notes": null
    },
    "Item Notes": null,
    "notes": {
        "identical": "Strict matching required",
        "upgradable": "Potential upgrade conditions",
        "flexible": "Modifications allowed",
        "nonCritical": "Optional attributes"
    }
}