{
    "purpose": "Provide guidance on product specification attributes",
    "critical_attributes": [
        {
            "Attributes": "THREAD SIZE",
            "Tolerances": "IDENTICAL",
            "Tolerance Variability": null,
            "Item Notes": null,
            "Notes": {
                "identical": "Strict matching required",
                "upgradable": "Potential upgrade conditions",
                "flexible": "Modifications allowed",
                "nonCritical": "Optional attributes"
            }
        }
    ]
}