{
    "purpose": "Provide guidance on product specification attributes",
    "critical_attributes": [
        {
            "Attributes": "THREAD SIZE",
            "Tolerances": "IDENTICAL",
            "Tolerance Variability": null,
            "Item Notes": null
        },
        {
            "Attributes": "DRIVE TYPE",
            "Tolerances": "Flexible",
            "Tolerance Variability": null,
            "Item Notes": null
        },
        {
            "Attributes": "Screw Size",
            "Tolerances": "Flexible",
            "Tolerance Variability": null,
            "Item Notes": null
        },
        {
            "Attributes": "Length",
            "Tolerances": "Identical",
            "Tolerance Variability": null,
            "Item Notes": null
        },
        {
            "Attributes": "Drill Tip Type",
            "Tolerances": "Non-Critical",
            "Tolerance Variability": null,
            "Item Notes": null
        },
        {
            "Attributes": "Drill Tip Length",
            "Tolerances": "Non-Critical",
            "Tolerance Variability": null,
            "Item Notes": null
        },
        {
            "Attributes": "Head Width",
            "Tolerances": "Non-Critical",
            "Tolerance Variability": null,
            "Item Notes": null
        },
        {
            "Attributes": "Head Height",
            "Tolerances": "Non-Critical",
            "Tolerance Variability": null,
            "Item Notes": null
        },
        {
            "Attributes": "Washer OD",
            "Tolerances": "Non-Critical",
            "Tolerance Variability": null,
            "Item Notes": null
        },
        {
            "Attributes": "Drive Size",
            "Tolerances": "Non-Critical",
            "Tolerance Variability": null,
            "Item Notes": null
        }
    ],
    "notes": {
        "identical": "Strict matching required",
        "upgradable": "Potential upgrade conditions",
        "flexible": "Modifications allowed",
        "nonCritical": "Optional attributes"
    }
}