{
    "purpose": "Provide guidance on product specification attributes",
    "critical_attributes": [
        {
            "Attributes": "THREAD SIZE",
            "Tolerances": "IDENTICAL",
            "Tolerance Variability": null,
            "Item Notes": null
        },
        {
            "Attributes": "SHOULDER DIAMETER",
            "Tolerances": "IDENTICAL",
            "Tolerance Variability": null,
            "Item Notes": null
        },
        {
            "Attributes": "FINISH",
            "Tolerances": "FLEXIBLE",
            "Tolerance Variability": null,
            "Item Notes": null
        },
        {
            "Attributes": "THREAD SIZE",
            "Tolerances": "IDENTICAL",
            "Tolerance Variability": null,
            "Item Notes": null
        },
        {
            "Attributes": "SHOULDER LENGTH",
            "Tolerances": "NON-CRITICAL",
            "Tolerance Variability": null,
            "Item Notes": null
        },
        {
            "Attributes": "SHOULDER LENGTH TOLERANCE",
            "Tolerances": "NON-CRITICAL",
            "Tolerance Variability": null,
            "Item Notes": null
        },
        {
            "Attributes": "SHOULDER DIAMETER TOLERANCE",
            "Tolerances": "NON-CRITICAL",
            "Tolerance Variability": null,
            "Item Notes": null
        }
    ],
    "tolerances": {
        "identical": "Strict matching required",
        "upgradable": "Potential upgrade conditions",
        "flexible": "Modifications allowed",
        "non-critical": "Optional attributes"
    }
}