{
    "purpose": "Provide guidance on product specification attributes",
    "critical_attributes": [
        {
            "Attributes": "THREAD SIZE",
            "Tolerances": "IDENTICAL",
            "Tolerance Variability": null,
            "Item Notes": null
        },
        {
            "Attributes": "MATERIAL",
            "Tolerances": "IDENTICAL",
            "Tolerance Variability": null,
            "Item Notes": null
        },
        {
            "Attributes": "THREAD SIZE",
            "Tolerances": "IDENTICAL",
            "Tolerance Variability": null,
            "Item Notes": null
        },
        {
            "Attributes": "SHANK LENGTH",
            "Tolerances": "FLEXIBLE",
            "Tolerance Variability": null,
            "Item Notes": null
        },
        {
            "Attributes": "SHANK LENGTH",
            "Tolerances": "FLEXIBLE",
            "Tolerance Variability": null,
            "Item Notes": null
        },
        {
            "Attributes": "EYE INSIDE DIAMETER",
            "Tolerances": "FLEXIBLE",
            "Tolerance Variability": null,
            "Item Notes": null
        },
        {
            "Attributes": "WORKING LOAD LIMIT",
            "Tolerances": "FLEXIBLE",
            "Tolerance Variability": null,
            "Item Notes": null
        },
        {
            "Attributes": "FINISH",
            "Tolerances": "FLEXIBLE",
            "Tolerance Variability": null,
            "Item Notes": null
        }
    ],
    "notes": {
        "identical": "Strict matching required",
        "upgradable": "Able to go up a grade in the table, never down. The coded FE, Upgradeable. Able to go up a grade in the table, never down. The coded FE, Non-Critical. Use if provided but is not critical to match to DR or FE if not provided.",
        "flexible": "Modifications allowed",
        "nonCritical": "Optional attributes"
    }
}