{
    "purpose": "Provide guidance on product specification attributes",
    "critical_attributes": [
        {
            "attributes": "EYE INSIDE DIAMETER",
            "tolerances": "\u00b1 UP TO 1/64\"",
            "tolerance variability": null,
            "item notes": null
        },
        {
            "attributes": "THREAD SIZE",
            "tolerances": "IDENTICAL",
            "tolerance variability": null,
            "item notes": null
        },
        {
            "attributes": "MATERIAL",
            "tolerances": "FLEXIBLE",
            "tolerance variability": null,
            "item notes": null
        }
    ],
    "notes": {
        "identical": "Strict matching required",
        "upgradable": "Potential upgrade conditions",
        "flexible": "Modifications allowed",
        "nonCritical": "Optional attributes"
    }
}