{
    "purpose": "Provide guidance on product specification attributes",
    "critical_attributes": [
        {
            "attributes": "Screw Size",
            "tolerances": "identical",
            "tolerance_variability": null,
            "item_notes": null
        },
        {
            "attributes": "Length",
            "tolerances": "identical",
            "tolerance_variability": null,
            "item_notes": null
        },
        {
            "attributes": "Material",
            "tolerances": "identical",
            "tolerance_variability": null,
            "item_notes": null
        },
        {
            "attributes": "Finish",
            "tolerances": null,
            "tolerance_variability": null,
            "item_notes": null
        }
    ],
    "notes": {
        "identical": "Strict matching required",
        "upgradable": "Potential upgrade conditions",
        "flexible": "Modifications allowed",
        "nonCritical": "Optional attributes"
    }
}