{
    "purpose": "Provide guidance on product specification attributes",
    "critical_attributes": [
        {
            "Attributes": "Material",
            "Tolerances": "Flexible (316-SS must be identical)",
            "Tolerance Variability": null,
            "Item Notes": null
        },
        {
            "Attributes": "Finish",
            "Tolerances": "Upgradable - Steel Only Black Oxide or Phosphate-Zinc/Yellow Aner must be identical",
            "Tolerance Variability": null,
            "Item Notes": null
        },
        {
            "Attributes": "Head Style",
            "Tolerances": "External Hex & Hex Washer Slotted are same",
            "Tolerance Variability": null,
            "Item Notes": null
        },
        {
            "Attributes": "Drive Type",
            "Tolerances": "Flexible for Phillips/Slotted/Combo",
            "Tolerance Variability": null,
            "Item Notes": null
        },
        {
            "Attributes": "Screw Size",
            "Tolerances": "Flexible for One-Way/Spinner/Tamper Res Hex",
            "Tolerance Variability": null,
            "Item Notes": null
        },
        {
            "Attributes": "Fastener Length",
            "Tolerances": "#14 & 1/4\" are same size",
            "Tolerance Variability": null,
            "Item Notes": null
        },
        {
            "Attributes": "Head Width",
            "Tolerances": "Non-Critical",
            "Tolerance Variability": null,
            "Item Notes": null
        },
        {
            "Attributes": "Head Height",
            "Tolerances": "Non-Critical",
            "Tolerance Variability": null,
            "Item Notes": null
        },
        {
            "Attributes": "Drive Size",
            "Tolerances": "Non-Critical (follows screw size)",
            "Tolerance Variability": null,
            "Item Notes": null
        },
        {
            "Attributes": "Standards",
            "Tolerances": "Non-Critical",
            "Tolerance Variability": null,
            "Item Notes": null
        }
    ],
    "notes": {
        "identical": "Strict matching required",
        "upgradable": "Able to go up a grade in the table, never down.",
        "flexible": "Attribute can be upgraded or downgraded and can be coded FE.",
        "nonCritical": "Can be altered without affecting functionality, and is not needed to code DR."
    }
}