{
    "purpose": "Provide guidance on product specification attributes",
    "critical_attributes": [
        {
            "Attributes": "THREAD SIZE",
            "Tolerances": "IDENTICAL",
            "Tolerance Variability": null,
            "Item Notes": null
        }
    ],
    "non_critical_attributes": [
        {
            "Attributes": "NECK TYPE",
            "Tolerances": "FLEXIBLE",
            "Tolerance Variability": null,
            "Item Notes": null
        },
        {
            "Attributes": "NECK STYLE",
            "Tolerances": "FLEXIBLE",
            "Tolerance Variability": null,
            "Item Notes": null
        },
        {
            "Attributes": "HEAD HEIGHT",
            "Tolerances": "FLEXIBLE",
            "Tolerance Variability": null,
            "Item Notes": null
        },
        {
            "Attributes": "NECK WIDTH",
            "Tolerances": "FLEXIBLE",
            "Tolerance Variability": null,
            "Item Notes": null
        },
        {
            "Attributes": "TENNILE STRENGTH",
            "Tolerances": "FLEXIBLE",
            "Tolerance Variability": null,
            "Item Notes": null
        },
        {
            "Attributes": "STANDARDS",
            "Tolerances": "NON CRITICAL",
            "Tolerance Variability": null,
            "Item Notes": null
        }
    ],
    "non_critical": {
        "identical": "Strict matching required",
        "upgradable": "Potential upgrade conditions",
        "flexible": "Modifications allowed",
        "nonCritical": "Optional attributes"
    }
}