{
    "purpose": "Provide guidance on product specification attributes",
    "critical_attributes": [
        {
            "Critical Attributes": "THREAD SIZE",
            "Attributes": "IDENTICAL",
            "Tolerances": "IDENTICAL",
            "Tolerance Variability": null,
            "Item Notes": null
        }
    ],
    "notes": {
        "identical": "Strict matching required",
        "upgradable": "Potential upgrade conditions",
        "flexible": "Modifications allowed",
        "nonCritical": "Optional attributes"
    }
}