{
    "purpose": "Provide guidance on product specification attributes",
    "critical_attributes": [
        {
            "Attributes": "THREAD SIZE",
            "Tolerances": "IDENTICAL",
            "Tolerance Variability": null,
            "Item Notes": null,
            "Coarse": null,
            "Fastener Length": null,
            "Thread Style": null,
            "Minimum Thread Length": null,
            "Head Width": null,
            "Head Height": null,
            "Tensile Strength": null,
            "Standards": null,
            "Finish": "Black Oxide",
            "Thread Type": "Coarse"
        }
    ],
    "notes": {
        "identical": "Strict matching required",
        "upgradable": "Potential upgrade conditions",
        "flexible": "Modifications allowed",
        "nonCritical": "Optional attributes"
    }
}