{
    "purpose": "Provide guidance on product specification attributes",
    "critical_attributes": [
        {
            "critical_attributes": [
                {
                    "Attributes": "THREAD SIZE",
                    "Tolerances": "IDENTICAL",
                    "Tolerance Variability": null,
                    "Item Notes": null
                },
                {
                    "Attributes": "DRIVE TYPE",
                    "Tolerances": "FLEXIBLE",
                    "Tolerance Variability": null,
                    "Item Notes": null
                },
                {
                    "Attributes": "HEAD WIDTH",
                    "Tolerances": "NON-CRITICAL",
                    "Tolerance Variability": null,
                    "Item Notes": null
                },
                {
                    "Attributes": "HEAD HEIGHT",
                    "Tolerances": "NON-CRITICAL",
                    "Tolerance Variability": null,
                    "Item Notes": null
                },
                {
                    "Attributes": "DRIVE SIZE",
                    "Tolerances": "NON-CRITICAL",
                    "Tolerance Variability": null,
                    "Item Notes": null
                },
                {
                    "Attributes": "TENSILE STRENGTH",
                    "Tolerances": "NON-CRITICAL",
                    "Tolerance Variability": null,
                    "Item Notes": null
                }
            ]
        }
    ],
    "notes": {
        "identical": "Strict matching required",
        "upgradable": "Potential upgrade conditions",
        "flexible": "Modifications allowed",
        "nonCritical": "Optional attributes"
    }
}