{
    "purpose": "Provide guidance on product specification attributes",
    "critical_attributes": [
        {
            "Attributes": "THREAD SIZE",
            "Tolerances": "IDENTICAL",
            "Tolerance Variability": null,
            "Item Notes": "Strict matching required"
        },
        {
            "Attributes": "COLOR",
            "Tolerances": "Non-Critical",
            "Tolerance Variability": null,
            "Item Notes": null
        },
        {
            "Attributes": "LENGTH TOLERANCE",
            "Tolerances": "Non-Critical",
            "Tolerance Variability": null,
            "Item Notes": null
        },
        {
            "Attributes": "WIDTH TOLERANCE",
            "Tolerances": "Non-Critical",
            "Tolerance Variability": null,
            "Item Notes": null
        },
        {
            "Attributes": "THICKNESS TOLERANCE",
            "Tolerances": "Non-Critical",
            "Tolerance Variability": null,
            "Item Notes": null
        },
        {
            "Attributes": "TEMPER",
            "Tolerances": "Non-Critical",
            "Tolerance Variability": null,
            "Item Notes": null
        },
        {
            "Attributes": "MATERIAL",
            "Tolerances": "IDENTICAL",
            "Tolerance Variability": null,
            "Item Notes": null
        },
        {
            "Attributes": "MATERIAL GRADE/CLASS",
            "Tolerances": "IDENTICAL",
            "Tolerance Variability": null,
            "Item Notes": null
        },
        {
            "Attributes": "THICKNESS",
            "Tolerances": "Identical",
            "Tolerance Variability": null,
            "Item Notes": null
        }
    ],
    "notes": {
        "identical": "Strict matching required",
        "upgradable": "Potential upgrade conditions",
        "flexible": "Modifications allowed",
        "nonCritical": "Optional attributes"
    }
}