{
    "purpose": "Provide guidance on product specification attributes",
    "critical_attributes": [
        {
            "Attributes": "THREAD SIZE",
            "Tolerances": "IDENTICAL",
            "Tolerance Variability": null,
            "Item Notes": null
        },
        {
            "Attributes": "Basic Material",
            "Tolerances": "ROLL + SLOTTED TYPE",
            "Tolerance Variability": null,
            "Item Notes": null
        },
        {
            "Attributes": "Material Grade",
            "Tolerances": "Zinc = Steel",
            "Tolerance Variability": null,
            "Item Notes": null
        },
        {
            "Attributes": "Fastener Finish",
            "Tolerances": "Flexible",
            "Tolerance Variability": null,
            "Item Notes": null
        },
        {
            "Attributes": "Pin Diameter",
            "Tolerances": "Identical",
            "Tolerance Variability": null,
            "Item Notes": null
        },
        {
            "Attributes": "Length",
            "Tolerances": "Identical",
            "Tolerance Variability": null,
            "Item Notes": null
        },
        {
            "Attributes": "Chamfer Diameter",
            "Tolerances": "Non-Critical",
            "Tolerance Variability": null,
            "Item Notes": null
        },
        {
            "Attributes": "Wall Thickness",
            "Tolerances": "Non-Critical",
            "Tolerance Variability": null,
            "Item Notes": null
        },
        {
            "Attributes": "Min Hole Diameter",
            "Tolerances": "Non-Critical",
            "Tolerance Variability": null,
            "Item Notes": null
        },
        {
            "Attributes": "Max Hole Diameter",
            "Tolerances": "Non-Critical",
            "Tolerance Variability": null,
            "Item Notes": null
        },
        {
            "Attributes": "Pack Qty",
            "Tolerances": "Smallest Pack Qty",
            "Tolerance Variability": null,
            "Item Notes": null
        }
    ],
    "notes": {
        "identical": "Strict matching required",
        "upgradable": "Potential upgrade conditions",
        "flexible": "Modifications allowed",
        "non-Critical": "Optional attributes"
    }
}