{
    "purpose": "Provide guidance on product specification attributes",
    "critical_attributes": [
        {
            "Attributes": "THREAD SIZE",
            "Tolerances": "IDENTICAL",
            "Tolerance Variability": null,
            "Item Notes": null
        },
        {
            "Attributes": "INSIDE DIAMETER",
            "Tolerances": "IDENTICAL",
            "Tolerance Variability": null,
            "Item Notes": null
        },
        {
            "Attributes": "SHOULDER OUTSIDE DIAMETER",
            "Tolerances": "UPGRADABLE 10%",
            "Tolerance Variability": null,
            "Item Notes": null
        },
        {
            "Attributes": "SHOULDER HEIGHT",
            "Tolerances": "IDENTICAL",
            "Tolerance Variability": null,
            "Item Notes": null
        },
        {
            "Attributes": "SLEEVE OUTSIDE DIAMETER",
            "Tolerances": "IDENTICAL",
            "Tolerance Variability": null,
            "Item Notes": null
        },
        {
            "Attributes": "OVERALL HEIGHT",
            "Tolerances": "IDENTICAL",
            "Tolerance Variability": null,
            "Item Notes": null
        }
    ],
    "notes": {
        "identical": "Strict matching required",
        "upgradable": "Potential upgrade conditions",
        "flexible": "Modifications allowed",
        "nonCritical": "Optional attributes"
    }
}