{
    "Critical Attributes": {
        "Material": "NA",
        "Finish": "NA",
        "Screw Size": "NA",
        "Inside Diameter": "NA",
        "Outside Diameter": "NA",
        "Thickness": "NA",
        "Overall Height": "NA",
        "Type": "NA"
    },
    "Tolerances": {
        "Material": "Identical",
        "Finish": "Upgradable - Left to Right",
        "Screw Size": "Identical",
        "Inside Diameter": "Identical",
        "Outside Diameter": "Identical",
        "Thickness": "Identical",
        "Overall Height": "Identical",
        "Type": "Identical"
    },
    "Notes": {
        "Identical": "Strict matching required",
        "Upgradable": "Potential upgrade conditions",
        "Flexible": "Modifications allowed",
        "Non-Critical": "Optional attributes"
    }
}