{
    "purpose": "Provide guidance on product specification attributes",
    "critical_attributes": [
        {
            "attributes": "Material",
            "critical_attributes": [
                {
                    "attribute": "Material Grade/Class",
                    "tolerances": "Identical"
                },
                {
                    "attribute": "Screw Size",
                    "tolerances": "Metric"
                },
                {
                    "attribute": "Inside Diameter",
                    "tolerances": "Metric"
                },
                {
                    "attribute": "Outside Diameter",
                    "tolerances": "Metric"
                },
                {
                    "attribute": "Overall Height",
                    "tolerances": "Metric"
                },
                {
                    "attribute": "Dimensional Standards",
                    "tolerances": "DIN"
                }
            ]
        },
        {
            "attributes": "Finish",
            "critical_attributes": [
                {
                    "attribute": "Finish",
                    "tolerances": "Plated"
                }
            ]
        },
        {
            "attributes": "Material",
            "critical_attributes": [
                {
                    "attribute": "Material Grade/Class",
                    "tolerances": "Not Graded"
                },
                {
                    "attribute": "Screw Size",
                    "tolerances": "Metric"
                },
                {
                    "attribute": "Inside Diameter",
                    "tolerances": "Metric"
                },
                {
                    "attribute": "Outside Diameter",
                    "tolerances": "Metric"
                },
                {
                    "attribute": "Overall Height",
                    "tolerances": "Metric"
                },
                {
                    "attribute": "Dimensional Standards",
                    "tolerances": "DIN"
                }
            ]
        },
        {
            "attributes": "Screw Size",
            "critical_attributes": [
                {
                    "attribute": "Screw Size",
                    "tolerances": "Metric"
                }
            ]
        },
        {
            "attributes": "Inside Diameter",
            "critical_attributes": [
                {
                    "attribute": "Inside Diameter",
                    "tolerances": "Metric"
                }
            ]
        },
        {
            "attributes": "Outside Diameter",
            "critical_attributes": [
                {
                    "attribute": "Outside Diameter",
                    "tolerances": "Metric"
                }
            ]
        },
        {
            "attributes": "Overall Height",
            "critical_attributes": [
                {
                    "attribute": "Overall Height",
                    "tolerances": "Metric"
                }
            ]
        },
        {
            "attributes": "Dimensional Standards",
            "critical_attributes": [
                {
                    "attribute": "Dimensional Standards",
                    "tolerances": "DIN"
                }
            ]
        }
    ],
    "tolerances": {
        "identical": "No exchanges or cross is no longer functional.",
        "upgradable": "Able to go up a grade in the table, never down.",
        "flexible": "Attribute can be upgraded or downgraded and can be coded FE.",
        "non-critical": "Can be altered without affecting functionality, and is not needed to code DR."
    },
    "notes": {
        "identical": "Strict matching required",
        "upgradable": "Potential upgrade conditions",
        "flexible": "Modifications allowed",
        "nonCritical": "Optional attributes"
    }
}