{
    "purpose": "Provide guidance on product specification attributes",
    "critical_attributes": [
        {
            "Attributes": "Screw Size",
            "Tolerances": "Identical",
            "Tolerance Variability": null,
            "Item Notes": null
        },
        {
            "Attributes": "Finish",
            "Tolerances": "Identical",
            "Tolerance Variability": null,
            "Item Notes": null
        },
        {
            "Attributes": "Material",
            "Tolerances": "Identical",
            "Tolerance Variability": null,
            "Item Notes": null
        },
        {
            "Attributes": "Screw Size",
            "Tolerances": "Identical",
            "Tolerance Variability": null,
            "Item Notes": null
        },
        {
            "Attributes": "Inside Diameter",
            "Tolerances": "Identical",
            "Tolerance Variability": null,
            "Item Notes": null
        },
        {
            "Attributes": "Bottom Outside Diameter",
            "Tolerances": "Identical",
            "Tolerance Variability": null,
            "Item Notes": null
        },
        {
            "Attributes": "Overall Height",
            "Tolerances": "Identical",
            "Tolerance Variability": null,
            "Item Notes": null
        }
    ],
    "non_critical_attributes": [
        {
            "Attributes": "Bottom Outside Diameter",
            "Tolerances": "Identical",
            "Tolerance Variability": null,
            "Item Notes": null
        },
        {
            "Attributes": "Inside Diameter",
            "Tolerances": "Identical",
            "Tolerance Variability": null,
            "Item Notes": null
        },
        {
            "Attributes": "Overall Height",
            "Tolerances": "Identical",
            "Tolerance Variability": null,
            "Item Notes": null
        }
    ],
    "notes": {
        "identical": "Strict matching required",
        "upgradable": "Potential upgrade conditions",
        "flexible": "Modifications allowed",
        "nonCritical": "Optional attributes"
    }
}