{
    "purpose": "Provide guidance on product specification attributes",
    "critical_attributes": [
        {
            "Attributes": "Washer Type",
            "Tolerances": "identical",
            "Tolerance Variability": null,
            "Item Notes": null
        },
        {
            "Attributes": "Finish",
            "Tolerances": "identical",
            "Tolerance Variability": null,
            "Item Notes": null
        },
        {
            "Attributes": "Material",
            "Tolerances": "identical",
            "Tolerance Variability": null,
            "Item Notes": null
        },
        {
            "Attributes": "Screw Size",
            "Tolerances": "identical",
            "Tolerance Variability": null,
            "Item Notes": null
        },
        {
            "Attributes": "Inside Diameter",
            "Tolerances": "identical",
            "Tolerance Variability": null,
            "Item Notes": null
        },
        {
            "Attributes": "Outside Diameter/Square Width",
            "Tolerances": "identical",
            "Tolerance Variability": null,
            "Item Notes": null
        },
        {
            "Attributes": "Minimum Thickness",
            "Tolerances": "Flexible - 5% Up or Down",
            "Tolerance Variability": null,
            "Item Notes": null
        },
        {
            "Attributes": "Maximum Thickness",
            "Tolerances": "Flexible - 5% Up or Down",
            "Tolerance Variability": null,
            "Item Notes": null
        },
        {
            "Attributes": "Dimensional Standards",
            "Tolerances": "identical",
            "Tolerance Variability": null,
            "Item Notes": null
        }
    ],
    "notes": {
        "identical": "Strict matching required",
        "upgradable": "Potential upgrade conditions",
        "flexible": "Modifications allowed",
        "nonCritical": "Optional attributes"
    }
}