{
    "purpose": "Provide guidance on product specification attributes",
    "critical_attributes": [
        {
            "Attributes": "Thread Size",
            "Tolerances": "Identical",
            "Tolerance Variability": null,
            "Item Notes": null
        },
        {
            "Attributes": "Screw Size",
            "Tolerances": "Identical",
            "Tolerance Variability": null,
            "Item Notes": null
        },
        {
            "Attributes": "Inside Diameter",
            "Tolerances": "Identical",
            "Tolerance Variability": null,
            "Item Notes": null
        },
        {
            "Attributes": "Outside Diameter",
            "Tolerances": "Flexible - 5% Up or Down",
            "Tolerance Variability": "Flexible - 5% Up or Down",
            "Item Notes": null
        },
        {
            "Attributes": "Thickness",
            "Tolerances": "Flexible - 5% Up Down",
            "Tolerance Variability": "Flexible - 5% Up Down",
            "Item Notes": null
        }
    ],
    "notes": {
        "identical": "Strict matching required",
        "upgradable": "Potential upgrade conditions",
        "flexible": "Modifications allowed",
        "nonCritical": "Optional attributes"
    }
}