{
    "Lock Washer Type": "Split/Class 2",
    "Material Grade/Class": "Grade 2",
    "Material": "Steel",
    "Finish Type": "Zinc Plated",
    "Screw Size": "NA",
    "Inside Diameter": "NA",
    "Outside Diameter": "NA",
    "Maximum Thickness": "NA",
    "Pack Size": "Each or Smallest Pk Qty.",
    "Tolerances": {
        "Identical": "No exchanges or cross is no longer functional.",
        "Upgradable": "Able to go up a grade in the table, never down.",
        "Flexible": "Attribute can be upgraded or downgraded and can be coded FE.",
        "Non-Critical": "Can be altered without affecting functionality, and is not needed to code DR."
    },
    "Critical Attributes": [
        {
            "Attributes": "THREAD SIZE",
            "Tolerances": "IDENTICAL",
            "Tolerance Variability": null,
            "Item Notes": null
        },
        {
            "Attributes": "SPLIT",
            "Tolerances": "UNLESS OTHERWISE SPECIFIED",
            "Tolerance Variability": null,
            "Item Notes": null
        }
    ],
    "Notes": {
        "Identical": "Strict matching required.",
        "Upgradable": "Potential upgrade conditions.",
        "Flexible": "Modifications allowed.",
        "Non-Critical": "Optional attributes."
    }
}