{
    "Washer Type": "Washer Type",
    "Finish": "Finish",
    "Material": "Material",
    "Screw Size": "Screw Size",
    "Inside Diameter": "Inside Diameter",
    "Outside Diameter": "Outside Diameter",
    "Maximum Thickness": "Maximum Thickness",
    "Seal Material": "Seal Material",
    "Tolerances": "Identical",
    "Tolerance Variability": "None",
    "Item Notes": "None",
    "Notes": {
        "identical": "Strict matching required",
        "upgradable": "Potential upgrade conditions",
        "flexible": "Modifications allowed",
        "non-Critical": "Optional attributes"
    }
}