{
    "Spherical Washers": {
        "Purpose": "Provide guidance on product specification attributes",
        "CriticalAttributes": [
            {
                "Attributes": "Material",
                "Tolerances": "Identical",
                "ToleranceVariability": null,
                "ItemNotes": null
            },
            {
                "Attributes": "Finish",
                "Tolerances": "Upgradable - Left to Right",
                "ToleranceVariability": null,
                "ItemNotes": null
            },
            {
                "Attributes": "Screw Size",
                "Tolerances": "Identical",
                "ToleranceVariability": null,
                "ItemNotes": null
            },
            {
                "Attributes": "Top Washer Inside Diameter",
                "Tolerances": "Identical",
                "ToleranceVariability": null,
                "ItemNotes": null
            },
            {
                "Attributes": "Top Washer Outside Diameter",
                "Tolerances": "Identical",
                "ToleranceVariability": null,
                "ItemNotes": null
            },
            {
                "Attributes": "Bottom Washer Insider Diameter",
                "Tolerances": "Identical",
                "ToleranceVariability": null,
                "ItemNotes": null
            },
            {
                "Attributes": "Bottom Washer Outside Diameter",
                "Tolerances": "Identical",
                "ToleranceVariability": null,
                "ItemNotes": null
            },
            {
                "Attributes": "Washer Radius",
                "Tolerances": "Identical",
                "ToleranceVariability": null,
                "ItemNotes": null
            },
            {
                "Attributes": "Maximum Thickness",
                "Tolerances": "Identical",
                "ToleranceVariability": null,
                "ItemNotes": null
            }
        ],
        "Notes": {
            "identical": "Strict matching required",
            "upgradable": "Potential upgrade conditions",
            "flexible": "Modifications allowed",
            "nonCritical": "Optional attributes"
        }
    }
}