{
    "Countersunk Washers": {
        "Tuesday, August 29, 2023": {
            "2:22 PM": {
                "Critical Attributes": [
                    {
                        "Type": {
                            "Material Grade/Class": "NA",
                            "Material": "NA",
                            "Finish": "NA",
                            "Screw Size": "NA",
                            "Maximum Inside Diameter": "NA",
                            "Outside Diameter": "NA",
                            "Countersink Angle": "NA",
                            "Overall Height": "NA"
                        },
                        "Screw Size": {
                            "Screw Size": "NA"
                        },
                        "Maximum Inside Diameter": {
                            "Maximum Inside Diameter": "NA"
                        },
                        "Outside Diameter": {
                            "Outside Diameter": "NA"
                        },
                        "Countersink Angle": {
                            "Countersink Angle": "NA"
                        },
                        "Overall Height": {
                            "Overall Height": "NA"
                        }
                    }
                ],
                "Tolerances": [
                    {
                        "Type": {
                            "Material Grade/Class": "IDENTICAL",
                            "Material": "IDENTICAL",
                            "Finish": "IDENTICAL",
                            "Screw Size": "IDENTICAL",
                            "Maximum Inside Diameter": "IDENTICAL",
                            "Outside Diameter": "IDENTICAL",
                            "Countersink Angle": "IDENTICAL",
                            "Overall Height": "IDENTICAL"
                        },
                        "Screw Size": {
                            "Screw Size": "IDENTICAL"
                        },
                        "Maximum Inside Diameter": {
                            "Maximum Inside Diameter": "IDENTICAL"
                        },
                        "Outside Diameter": {
                            "Outside Diameter": "IDENTICAL"
                        },
                        "Countersink Angle": {
                            "Countersink Angle": "IDENTICAL"
                        },
                        "Overall Height": {
                            "Overall Height": "IDENTICAL"
                        }
                    }
                ],
                "Tolerance Variability": {
                    "No exchanges or cross is no longer functional.": null,
                    "Upgradable": null,
                    "Flexible": null,
                    "Non-Critical": null
                },
                "Item Notes": null
            }
        }
    }
}